backend,mode,n_photons,repeat,threads,total_ms,kernel_ms,alloc_ms,h2d_ms,d2h_ms,photons_per_s_kernel,photons_per_s_total,device
cpu1,tally,10000,0,1,2.771,2.771,0,0,0,3.60881e+06,3.60881e+06,cpu
cpu1,tally,10000,1,1,2.685,2.685,0,0,0,3.72439e+06,3.72439e+06,cpu
cpu1,tally,10000,2,1,2.677,2.677,0,0,0,3.73552e+06,3.73552e+06,cpu
cpu1,tally,10000,3,1,2.69,2.69,0,0,0,3.71747e+06,3.71747e+06,cpu
cpu1,tally,10000,4,1,4.193,4.193,0,0,0,2.38493e+06,2.38493e+06,cpu
cpu1,tally,100000,0,1,30.228,30.228,0,0,0,3.30819e+06,3.30819e+06,cpu
cpu1,tally,100000,1,1,29.38,29.38,0,0,0,3.40368e+06,3.40368e+06,cpu
cpu1,tally,100000,2,1,30.731,30.731,0,0,0,3.25404e+06,3.25404e+06,cpu
cpu1,tally,100000,3,1,28.757,28.757,0,0,0,3.47741e+06,3.47741e+06,cpu
cpu1,tally,100000,4,1,31.035,31.035,0,0,0,3.22217e+06,3.22217e+06,cpu
cpu1,tally,1000000,0,1,284.7,284.7,0,0,0,3.51247e+06,3.51247e+06,cpu
cpu1,tally,1000000,1,1,304.426,304.426,0,0,0,3.28487e+06,3.28487e+06,cpu
cpu1,tally,1000000,2,1,287.058,287.058,0,0,0,3.48362e+06,3.48362e+06,cpu
cpu1,tally,1000000,3,1,275.806,275.806,0,0,0,3.62574e+06,3.62574e+06,cpu
cpu1,tally,1000000,4,1,284.466,284.466,0,0,0,3.51536e+06,3.51536e+06,cpu
cpu1,tally,10000000,0,1,2933.39,2933.39,0,0,0,3.40902e+06,3.40902e+06,cpu
cpu1,tally,10000000,1,1,2984.28,2984.28,0,0,0,3.3509e+06,3.3509e+06,cpu
cpu1,tally,10000000,2,1,2883.43,2883.43,0,0,0,3.46809e+06,3.46809e+06,cpu
cpu1,tally,10000000,3,1,2767.73,2767.73,0,0,0,3.61307e+06,3.61307e+06,cpu
cpu1,tally,10000000,4,1,2762.56,2762.56,0,0,0,3.61983e+06,3.61983e+06,cpu
cpu1,records,10000,0,1,2.91,2.818,0,0,0,3.54862e+06,3.43643e+06,cpu
cpu1,records,10000,1,1,2.869,2.792,0,0,0,3.58166e+06,3.48554e+06,cpu
cpu1,records,10000,2,1,2.894,2.814,0,0,0,3.55366e+06,3.45543e+06,cpu
cpu1,records,10000,3,1,2.888,2.809,0,0,0,3.55999e+06,3.4626e+06,cpu
cpu1,records,10000,4,1,2.956,2.879,0,0,0,3.47343e+06,3.38295e+06,cpu
cpu1,records,100000,0,1,30.959,30.402,0,0,0,3.28926e+06,3.23008e+06,cpu
cpu1,records,100000,1,1,30.993,30.542,0,0,0,3.27418e+06,3.22654e+06,cpu
cpu1,records,100000,2,1,28.942,28.549,0,0,0,3.50275e+06,3.45519e+06,cpu
cpu1,records,100000,3,1,29.214,28.584,0,0,0,3.49846e+06,3.42302e+06,cpu
cpu1,records,100000,4,1,31.409,31.062,0,0,0,3.21937e+06,3.1838e+06,cpu
cpu1,records,1000000,0,1,293.401,288.484,0,0,0,3.4664e+06,3.4083e+06,cpu
cpu1,records,1000000,1,1,298.408,293.35,0,0,0,3.4089e+06,3.35112e+06,cpu
cpu1,records,1000000,2,1,288.916,283.96,0,0,0,3.52162e+06,3.46121e+06,cpu
cpu1,records,1000000,3,1,299.308,294.082,0,0,0,3.40041e+06,3.34104e+06,cpu
cpu1,records,1000000,4,1,297.921,293.096,0,0,0,3.41185e+06,3.35659e+06,cpu
cpu1,records,10000000,0,1,3185.57,3129.18,0,0,0,3.19572e+06,3.13915e+06,cpu
cpu1,records,10000000,1,1,2993.05,2925.34,0,0,0,3.4184e+06,3.34107e+06,cpu
cpu1,records,10000000,2,1,2780.15,2734.91,0,0,0,3.65643e+06,3.59692e+06,cpu
cpu1,records,10000000,3,1,2834.05,2788.38,0,0,0,3.58631e+06,3.52852e+06,cpu
cpu1,records,10000000,4,1,2786.03,2740.22,0,0,0,3.64935e+06,3.58934e+06,cpu
cpu_omp,tally,10000,0,16,3.088,3.088,0,0,0,3.23834e+06,3.23834e+06,cpu
cpu_omp,tally,10000,1,16,1.36,1.36,0,0,0,7.35294e+06,7.35294e+06,cpu
cpu_omp,tally,10000,2,16,1.264,1.264,0,0,0,7.91139e+06,7.91139e+06,cpu
cpu_omp,tally,10000,3,16,1.491,1.491,0,0,0,6.70691e+06,6.70691e+06,cpu
cpu_omp,tally,10000,4,16,1.584,1.584,0,0,0,6.31313e+06,6.31313e+06,cpu
cpu_omp,tally,100000,0,16,3.051,3.051,0,0,0,3.27761e+07,3.27761e+07,cpu
cpu_omp,tally,100000,1,16,3.247,3.247,0,0,0,3.07977e+07,3.07977e+07,cpu
cpu_omp,tally,100000,2,16,3.91,3.91,0,0,0,2.55754e+07,2.55754e+07,cpu
cpu_omp,tally,100000,3,16,3.797,3.797,0,0,0,2.63366e+07,2.63366e+07,cpu
cpu_omp,tally,100000,4,16,3.414,3.414,0,0,0,2.92912e+07,2.92912e+07,cpu
cpu_omp,tally,1000000,0,16,31.411,31.411,0,0,0,3.1836e+07,3.1836e+07,cpu
cpu_omp,tally,1000000,1,16,32.483,32.483,0,0,0,3.07853e+07,3.07853e+07,cpu
cpu_omp,tally,1000000,2,16,32.87,32.87,0,0,0,3.04229e+07,3.04229e+07,cpu
cpu_omp,tally,1000000,3,16,34.953,34.953,0,0,0,2.86098e+07,2.86098e+07,cpu
cpu_omp,tally,1000000,4,16,32.837,32.837,0,0,0,3.04535e+07,3.04535e+07,cpu
cpu_omp,tally,10000000,0,16,323.724,323.724,0,0,0,3.08905e+07,3.08905e+07,cpu
cpu_omp,tally,10000000,1,16,315.967,315.967,0,0,0,3.16489e+07,3.16489e+07,cpu
cpu_omp,tally,10000000,2,16,326.89,326.89,0,0,0,3.05913e+07,3.05913e+07,cpu
cpu_omp,tally,10000000,3,16,326.214,326.214,0,0,0,3.06547e+07,3.06547e+07,cpu
cpu_omp,tally,10000000,4,16,316.975,316.975,0,0,0,3.15482e+07,3.15482e+07,cpu
cpu_omp,tally,100000000,0,16,3249.01,3249.01,0,0,0,3.07786e+07,3.07786e+07,cpu
cpu_omp,tally,100000000,1,16,3232.51,3232.51,0,0,0,3.09358e+07,3.09358e+07,cpu
cpu_omp,tally,100000000,2,16,3326.24,3326.24,0,0,0,3.0064e+07,3.0064e+07,cpu
cpu_omp,tally,100000000,3,16,3227.6,3227.6,0,0,0,3.09827e+07,3.09827e+07,cpu
cpu_omp,tally,100000000,4,16,3351.37,3351.37,0,0,0,2.98385e+07,2.98385e+07,cpu
cpu_omp,records,10000,0,16,2.043,1.859,0,0,0,5.37924e+06,4.89476e+06,cpu
cpu_omp,records,10000,1,16,1.892,1.789,0,0,0,5.58971e+06,5.28541e+06,cpu
cpu_omp,records,10000,2,16,1.924,1.821,0,0,0,5.49149e+06,5.19751e+06,cpu
cpu_omp,records,10000,3,16,1.983,1.854,0,0,0,5.39374e+06,5.04286e+06,cpu
cpu_omp,records,10000,4,16,1.643,1.518,0,0,0,6.58762e+06,6.08643e+06,cpu
cpu_omp,records,100000,0,16,4.147,3.504,0,0,0,2.85388e+07,2.41138e+07,cpu
cpu_omp,records,100000,1,16,4.289,3.561,0,0,0,2.8082e+07,2.33155e+07,cpu
cpu_omp,records,100000,2,16,4.192,3.611,0,0,0,2.76932e+07,2.3855e+07,cpu
cpu_omp,records,100000,3,16,4.237,3.674,0,0,0,2.72183e+07,2.36016e+07,cpu
cpu_omp,records,100000,4,16,4.674,4.07,0,0,0,2.457e+07,2.1395e+07,cpu
cpu_omp,records,1000000,0,16,37.202,32.419,0,0,0,3.08461e+07,2.68803e+07,cpu
cpu_omp,records,1000000,1,16,37.036,32.217,0,0,0,3.10395e+07,2.70008e+07,cpu
cpu_omp,records,1000000,2,16,37.162,32.238,0,0,0,3.10193e+07,2.69092e+07,cpu
cpu_omp,records,1000000,3,16,35.704,30.796,0,0,0,3.24717e+07,2.80081e+07,cpu
cpu_omp,records,1000000,4,16,39.185,33.379,0,0,0,2.9959e+07,2.552e+07,cpu
cpu_omp,records,10000000,0,16,371.176,326.144,0,0,0,3.06613e+07,2.69414e+07,cpu
cpu_omp,records,10000000,1,16,370.126,323.187,0,0,0,3.09418e+07,2.70178e+07,cpu
cpu_omp,records,10000000,2,16,364.167,319.535,0,0,0,3.12955e+07,2.74599e+07,cpu
cpu_omp,records,10000000,3,16,364.694,317.976,0,0,0,3.14489e+07,2.74202e+07,cpu
cpu_omp,records,10000000,4,16,366.618,322.286,0,0,0,3.10283e+07,2.72763e+07,cpu
gpu,tally,10000,0,0,0.7377,0.067264,0.2581,0,0.040672,1.48668e+08,1.35556e+07,"NVIDIA GeForce GTX 1660 Ti (sm_75, 24 SMs)"
gpu,tally,10000,1,0,0.6779,0.06272,0.2023,0,0.063008,1.59439e+08,1.47514e+07,"NVIDIA GeForce GTX 1660 Ti (sm_75, 24 SMs)"
gpu,tally,10000,2,0,0.4578,0.062528,0.0991,0,0.062592,1.59928e+08,2.18436e+07,"NVIDIA GeForce GTX 1660 Ti (sm_75, 24 SMs)"
gpu,tally,10000,3,0,0.4584,0.0632,0.1022,0,0.064256,1.58228e+08,2.1815e+07,"NVIDIA GeForce GTX 1660 Ti (sm_75, 24 SMs)"
gpu,tally,10000,4,0,0.4979,0.06256,0.0981,0,0.067264,1.59847e+08,2.00844e+07,"NVIDIA GeForce GTX 1660 Ti (sm_75, 24 SMs)"
gpu,tally,100000,0,0,1.0366,0.235616,0.1292,0,0.253792,4.24419e+08,9.64692e+07,"NVIDIA GeForce GTX 1660 Ti (sm_75, 24 SMs)"
gpu,tally,100000,1,0,0.763,0.239616,0.1581,0,0.055616,4.17334e+08,1.31062e+08,"NVIDIA GeForce GTX 1660 Ti (sm_75, 24 SMs)"
gpu,tally,100000,2,0,0.6586,0.239776,0.1145,0,0.05872,4.17056e+08,1.51837e+08,"NVIDIA GeForce GTX 1660 Ti (sm_75, 24 SMs)"
gpu,tally,100000,3,0,0.6327,0.240608,0.0981,0,0.054528,4.15614e+08,1.58053e+08,"NVIDIA GeForce GTX 1660 Ti (sm_75, 24 SMs)"
gpu,tally,100000,4,0,0.6304,0.240032,0.0972,0,0.054304,4.16611e+08,1.58629e+08,"NVIDIA GeForce GTX 1660 Ti (sm_75, 24 SMs)"
gpu,tally,1000000,0,0,1.5713,1.19398,0.0917,0,0.064224,8.37532e+08,6.36416e+08,"NVIDIA GeForce GTX 1660 Ti (sm_75, 24 SMs)"
gpu,tally,1000000,1,0,1.6292,1.19552,0.0951,0,0.101024,8.36456e+08,6.13798e+08,"NVIDIA GeForce GTX 1660 Ti (sm_75, 24 SMs)"
gpu,tally,1000000,2,0,1.8662,1.19651,0.0971,0,0.097856,8.35763e+08,5.35848e+08,"NVIDIA GeForce GTX 1660 Ti (sm_75, 24 SMs)"
gpu,tally,1000000,3,0,1.815,1.1951,0.1759,0,0.085152,8.36747e+08,5.50964e+08,"NVIDIA GeForce GTX 1660 Ti (sm_75, 24 SMs)"
gpu,tally,1000000,4,0,1.8382,1.19603,0.1514,0,0.116448,8.36098e+08,5.4401e+08,"NVIDIA GeForce GTX 1660 Ti (sm_75, 24 SMs)"
gpu,tally,10000000,0,0,11.7885,11.0644,0.1431,0,0.145984,9.03798e+08,8.48284e+08,"NVIDIA GeForce GTX 1660 Ti (sm_75, 24 SMs)"
gpu,tally,10000000,1,0,11.7638,10.8792,0.2661,0,0.11792,9.19188e+08,8.50065e+08,"NVIDIA GeForce GTX 1660 Ti (sm_75, 24 SMs)"
gpu,tally,10000000,2,0,12.8155,11.7328,0.159,0,0.113248,8.52309e+08,7.80305e+08,"NVIDIA GeForce GTX 1660 Ti (sm_75, 24 SMs)"
gpu,tally,10000000,3,0,11.7471,10.9786,0.2038,0,0.16128,9.10864e+08,8.51274e+08,"NVIDIA GeForce GTX 1660 Ti (sm_75, 24 SMs)"
gpu,tally,10000000,4,0,12.0533,11.1739,0.1753,0,0.033248,8.94946e+08,8.29648e+08,"NVIDIA GeForce GTX 1660 Ti (sm_75, 24 SMs)"
gpu,tally,100000000,0,0,108.806,108.008,0.2093,0,0.118528,9.25859e+08,9.19069e+08,"NVIDIA GeForce GTX 1660 Ti (sm_75, 24 SMs)"
gpu,tally,100000000,1,0,108.357,107.576,0.1854,0,0.113888,9.29577e+08,9.22874e+08,"NVIDIA GeForce GTX 1660 Ti (sm_75, 24 SMs)"
gpu,tally,100000000,2,0,108.23,107.391,0.1931,0,0.099808,9.31175e+08,9.23961e+08,"NVIDIA GeForce GTX 1660 Ti (sm_75, 24 SMs)"
gpu,tally,100000000,3,0,108.296,107.551,0.1858,0,0.114944,9.29794e+08,9.23399e+08,"NVIDIA GeForce GTX 1660 Ti (sm_75, 24 SMs)"
gpu,tally,100000000,4,0,108.645,107.915,0.2049,0,0.067488,9.26652e+08,9.20425e+08,"NVIDIA GeForce GTX 1660 Ti (sm_75, 24 SMs)"
gpu,records,10000,0,0,5.2985,0.184512,4.0842,0,0.298432,5.4197e+07,1.88733e+06,"NVIDIA GeForce GTX 1660 Ti (sm_75, 24 SMs)"
gpu,records,10000,1,0,1.5028,0.19264,0.7132,0,0.206368,5.19103e+07,6.65425e+06,"NVIDIA GeForce GTX 1660 Ti (sm_75, 24 SMs)"
gpu,records,10000,2,0,1.2313,0.113088,0.268,0,0.43056,8.84267e+07,8.1215e+06,"NVIDIA GeForce GTX 1660 Ti (sm_75, 24 SMs)"
gpu,records,10000,3,0,1.4058,0.13232,0.2585,0,0.462784,7.55744e+07,7.11339e+06,"NVIDIA GeForce GTX 1660 Ti (sm_75, 24 SMs)"
gpu,records,10000,4,0,1.9004,0.370976,0.6864,0,0.443072,2.69559e+07,5.26205e+06,"NVIDIA GeForce GTX 1660 Ti (sm_75, 24 SMs)"
gpu,records,100000,0,0,2.5245,0.23424,0.3691,0,0.95728,4.26913e+08,3.96118e+07,"NVIDIA GeForce GTX 1660 Ti (sm_75, 24 SMs)"
gpu,records,100000,1,0,2.3572,0.239424,0.3025,0,0.939712,4.17669e+08,4.24232e+07,"NVIDIA GeForce GTX 1660 Ti (sm_75, 24 SMs)"
gpu,records,100000,2,0,3.938,0.314848,0.5142,0,1.41334,3.17614e+08,2.53936e+07,"NVIDIA GeForce GTX 1660 Ti (sm_75, 24 SMs)"
gpu,records,100000,3,0,3.3946,0.335296,0.6056,0,1.06589,2.98244e+08,2.94586e+07,"NVIDIA GeForce GTX 1660 Ti (sm_75, 24 SMs)"
gpu,records,100000,4,0,2.3965,0.213856,0.3487,0,0.905312,4.67604e+08,4.17275e+07,"NVIDIA GeForce GTX 1660 Ti (sm_75, 24 SMs)"
gpu,records,1000000,0,0,16.2899,1.25642,1.1588,0,7.97398,7.95915e+08,6.13877e+07,"NVIDIA GeForce GTX 1660 Ti (sm_75, 24 SMs)"
gpu,records,1000000,1,0,14.5842,1.50138,1.2786,0,5.69466,6.66056e+08,6.85674e+07,"NVIDIA GeForce GTX 1660 Ti (sm_75, 24 SMs)"
gpu,records,1000000,2,0,14.4056,1.48787,1.0827,0,5.71773,6.72101e+08,6.94174e+07,"NVIDIA GeForce GTX 1660 Ti (sm_75, 24 SMs)"
gpu,records,1000000,3,0,13.979,1.29962,0.9412,0,5.49379,7.69458e+08,7.15359e+07,"NVIDIA GeForce GTX 1660 Ti (sm_75, 24 SMs)"
gpu,records,1000000,4,0,14.2357,1.27142,1.8882,0,5.37494,7.8652e+08,7.02459e+07,"NVIDIA GeForce GTX 1660 Ti (sm_75, 24 SMs)"
gpu,records,10000000,0,0,105.761,11.0211,2.395,0,46.4316,9.07351e+08,9.45531e+07,"NVIDIA GeForce GTX 1660 Ti (sm_75, 24 SMs)"
gpu,records,10000000,1,0,103.746,10.9944,3.3561,0,46.7917,9.09551e+08,9.63889e+07,"NVIDIA GeForce GTX 1660 Ti (sm_75, 24 SMs)"
gpu,records,10000000,2,0,104.942,11.0428,2.7666,0,47.9484,9.05566e+08,9.52908e+07,"NVIDIA GeForce GTX 1660 Ti (sm_75, 24 SMs)"
gpu,records,10000000,3,0,98.8416,10.9672,1.8127,0,46.6283,9.11807e+08,1.01172e+08,"NVIDIA GeForce GTX 1660 Ti (sm_75, 24 SMs)"
gpu,records,10000000,4,0,104.09,10.9645,1.5885,0,46.8821,9.12036e+08,9.60706e+07,"NVIDIA GeForce GTX 1660 Ti (sm_75, 24 SMs)"
