method,k,n_photons,repeat,transport_ms,kernels_ms,launches,useful_lane_steps,issued_lane_steps,simt_eff,bitwise_identical,photons_per_s,device
history,0,10000000,0,26.8826,26.8826,1,46422870,171584096,0.270555,10000000,3.71988e+08,"NVIDIA GeForce GTX 1660 Ti (sm_75, 24 SMs)"
event,1,10000000,0,46.1865,41.3474,76,46422870,46424224,0.999971,10000000,2.16513e+08,"NVIDIA GeForce GTX 1660 Ti (sm_75, 24 SMs)"
event,2,10000000,0,27.3914,24.5119,38,46422870,51911936,0.894262,10000000,3.65078e+08,"NVIDIA GeForce GTX 1660 Ti (sm_75, 24 SMs)"
event,4,10000000,0,20.9948,19.3699,19,46422870,64250496,0.722529,10000000,4.76309e+08,"NVIDIA GeForce GTX 1660 Ti (sm_75, 24 SMs)"
event,8,10000000,0,24.2021,22.5779,10,46422870,93255136,0.497805,10000000,4.13188e+08,"NVIDIA GeForce GTX 1660 Ti (sm_75, 24 SMs)"
event,16,10000000,0,28.0984,27.4777,5,46422870,149152704,0.311244,10000000,3.55892e+08,"NVIDIA GeForce GTX 1660 Ti (sm_75, 24 SMs)"
event,32,10000000,0,30.3524,29.8399,3,46422870,171033344,0.271426,10000000,3.29464e+08,"NVIDIA GeForce GTX 1660 Ti (sm_75, 24 SMs)"
event,64,10000000,0,29.723,29.3762,2,46422870,171583936,0.270555,10000000,3.3644e+08,"NVIDIA GeForce GTX 1660 Ti (sm_75, 24 SMs)"
event,128,10000000,0,29.1691,28.8522,1,46422870,171584096,0.270555,10000000,3.42829e+08,"NVIDIA GeForce GTX 1660 Ti (sm_75, 24 SMs)"
event,10000,10000000,0,29.262,29.0873,1,46422870,171584096,0.270555,10000000,3.4174e+08,"NVIDIA GeForce GTX 1660 Ti (sm_75, 24 SMs)"
history,0,10000000,1,26.7766,26.7766,1,46422870,171584096,0.270555,10000000,3.73461e+08,"NVIDIA GeForce GTX 1660 Ti (sm_75, 24 SMs)"
event,1,10000000,1,46.2528,40.098,76,46422870,46424224,0.999971,10000000,2.16203e+08,"NVIDIA GeForce GTX 1660 Ti (sm_75, 24 SMs)"
event,2,10000000,1,29.1397,25.7349,38,46422870,51911904,0.894263,10000000,3.43175e+08,"NVIDIA GeForce GTX 1660 Ti (sm_75, 24 SMs)"
event,4,10000000,1,21.1573,19.3392,19,46422870,64250432,0.72253,10000000,4.72649e+08,"NVIDIA GeForce GTX 1660 Ti (sm_75, 24 SMs)"
event,8,10000000,1,22.0274,21.0267,10,46422870,93255648,0.497802,10000000,4.5398e+08,"NVIDIA GeForce GTX 1660 Ti (sm_75, 24 SMs)"
event,16,10000000,1,27.7079,26.8542,5,46422870,149151264,0.311247,10000000,3.60908e+08,"NVIDIA GeForce GTX 1660 Ti (sm_75, 24 SMs)"
event,32,10000000,1,29.4641,28.9806,3,46422870,171033248,0.271426,10000000,3.39396e+08,"NVIDIA GeForce GTX 1660 Ti (sm_75, 24 SMs)"
event,64,10000000,1,30.5969,30.1084,2,46422870,171583936,0.270555,10000000,3.2683e+08,"NVIDIA GeForce GTX 1660 Ti (sm_75, 24 SMs)"
event,128,10000000,1,29.1319,28.8605,1,46422870,171584096,0.270555,10000000,3.43266e+08,"NVIDIA GeForce GTX 1660 Ti (sm_75, 24 SMs)"
event,10000,10000000,1,29.6459,28.9813,1,46422870,171584096,0.270555,10000000,3.37315e+08,"NVIDIA GeForce GTX 1660 Ti (sm_75, 24 SMs)"
history,0,10000000,2,26.7927,26.7927,1,46422870,171584096,0.270555,10000000,3.73236e+08,"NVIDIA GeForce GTX 1660 Ti (sm_75, 24 SMs)"
event,1,10000000,2,46.0366,40.237,76,46422870,46424224,0.999971,10000000,2.17219e+08,"NVIDIA GeForce GTX 1660 Ti (sm_75, 24 SMs)"
event,2,10000000,2,29.2938,26.4769,38,46422870,51911936,0.894262,10000000,3.41369e+08,"NVIDIA GeForce GTX 1660 Ti (sm_75, 24 SMs)"
event,4,10000000,2,21.2374,19.2303,19,46422870,64250496,0.722529,10000000,4.70867e+08,"NVIDIA GeForce GTX 1660 Ti (sm_75, 24 SMs)"
event,8,10000000,2,22.216,21.1808,10,46422870,93255616,0.497802,10000000,4.50125e+08,"NVIDIA GeForce GTX 1660 Ti (sm_75, 24 SMs)"
event,16,10000000,2,28.0817,27.4704,5,46422870,149151008,0.311247,10000000,3.56104e+08,"NVIDIA GeForce GTX 1660 Ti (sm_75, 24 SMs)"
event,32,10000000,2,32.1395,31.7873,3,46422870,171033248,0.271426,10000000,3.11143e+08,"NVIDIA GeForce GTX 1660 Ti (sm_75, 24 SMs)"
event,64,10000000,2,30.1855,29.5978,2,46422870,171583936,0.270555,10000000,3.31285e+08,"NVIDIA GeForce GTX 1660 Ti (sm_75, 24 SMs)"
event,128,10000000,2,29.0971,28.8487,1,46422870,171584096,0.270555,10000000,3.43677e+08,"NVIDIA GeForce GTX 1660 Ti (sm_75, 24 SMs)"
event,10000,10000000,2,29.6602,29.4646,1,46422870,171584096,0.270555,10000000,3.37153e+08,"NVIDIA GeForce GTX 1660 Ti (sm_75, 24 SMs)"
